0,1,2,3,4
Preference,Requires Prior Auth,Drug Name,HCPCS Code,Description
Preferred,Yes,Reblozyl (luspatercept),J0896,"Injection, luspatercept-aamt, 0.25 mg"
Non-Preferred,Yes,Rytelo (imetelstat),J0870,"Injection, imetelstat, 1 mg"


Drug Name,HCPCS Code,Description
Rytelo,J0870,"Injection, imetelstat, 1 mg"
Reblozyl,J0896,"Injection, luspatercept-aamt, 0.25 mg"


Date,Updates
7/10/2024,Policy creation
7/15/2024,Policy adoption by P&T
11/20/2024,For 1/1/2025 - update to permanent HCPCS Code per CMS HCPCS Update
12/15/2025,Policy adopted by G.E.H.A; document updated for universal accessibility
12/15/2025,Annual Review
